[{"@type":"connection","id":"@1","name":"jdbc_connection","runtimeEnvironmentId":"@7AdFR361d0eklPdz0SMeAb","instanceDisplayName":"Oracle","host":"localhost","database":"XE","codepage":"UTF-8","authenticationType":"native","adjustedJdbcHostName":"localhost","type":"Oracle","port":1521,"password":"********","username":"CAI","majorUpdateTime":"2023-09-28T03:48:55.000Z","timeout":60,"connParams":{"agentId":"01CO2Z08000000000002","CryptoProtocolVersion":"TLSv1","agentGroupId":"01CO2Z25000000000002","encryptionMethod":"NoEncryption","orgId":"01CO2Z","ValidateServerCertificate":"False","oracleSubType":"oracleonpremise","authenticationType":"native"},"internal":false,"federatedId":"igxwH3T7uS1c87YugscxS8","retryNetworkError":false,"supportsCCIMultiGroup":false,"metadataBrowsable":true,"supportLabels":false,"vaultEnabled":false,"vaultEnabledParams":[]}]