[{"@type":"mappingTemplate","id":"@1","name":"JobsPOC_Mapping4","description":"","bundleVersion":"0","templateId":"@3","deployTime":1700035552000,"hasParameters":false,"valid":true,"fixedConnection":true,"hasParametersDeployed":false,"fixedConnectionDeployed":true,"isSchemaValidationEnabled":false,"tasks":1,"mappingPreviewFileRecordId":"@2","documentType":"MAPPING","references":[{"@type":"reference","refObjectId":"@igxwH3T7uS1c87YugscxS8","refType":"connection"},{"@type":"reference","refObjectId":"@bg3vRDJl4KFerEK8HrYnUK","refType":"connection"}]}]